client_nom,ca_usd
Comilu,240491.07
MED PARK,211658.38999999998
Safricas,202307.91
Hotel La Source,198627.19
LG Fouani,198338.24
Division Provincial Tanganyika,195010.23
Kevtex Computing,194486.69
Africa Management,193176.16
NTES,190981.9
Chemaf,189887.33
Mexco,189466.44
Korridor,189438.94
Habari Kani,189309.29
Bush Camp,189295.32
Bags and Sacks,188385.88999999998
KICC Kinsenda Copper,188186.66999999998
DAI,187994.04
Paggy,187317.3
AEMI,186828.93
Evele & Co,186173.15
