k,inertia,silhouette
2,1238.3071024461183,0.4143797691732377
3,896.324028107623,0.32040311134981586
4,782.1897510352051,0.3029662584787737
5,705.9149175708253,0.25374316417706166
6,628.4409323714244,0.2809930714054845
7,573.2072439417517,0.25316292824671544
8,535.8459037906406,0.23138757667818333
9,492.14172208803006,0.24852459632617502
10,453.98693733249456,0.23449083163406903
