k,inertia,silhouette
2,1238.3071024461183,0.4143797691732377
3,896.324028107623,0.32040311134981586
4,782.1897510352052,0.30296625847877373
5,705.9149175708254,0.25374316417706166
6,628.4409323714244,0.2809930714054846
7,573.2072439417516,0.25316292824671544
8,535.8459037906406,0.23138757667818333
9,492.1417220880301,0.248524596326175
10,453.9869373324945,0.23449083163406906
