feature,importance_moy
mois_sin,2106.80651370761
ma_12,2071.006740586377
lag_12,2063.414442565119
lag_1,2033.3849838090898
lag_6,1850.1569885757926
ma_6,1626.2216510387952
mois,1570.1179795632318
lag_3,1321.705388843295
lag_2,1269.5421556141284
mois_cos,1251.128069316575
ma_3,1248.0709682867093
std_6,1146.5140418193002
trimestre,346.7965682811876
est_pic_b2b,166.41784579605545
est_rentree_scolaire,0.0
