feature,importance_moy
mois_sin,2479.1698354292726
ma_12,2212.9895272917097
lag_12,2082.3254111419465
lag_1,1953.5214226263229
lag_6,1830.6499573099384
mois,1547.2744461134128
ma_6,1493.030038004954
lag_3,1436.373809724395
mois_cos,1298.380150338522
std_6,1209.6320315973844
lag_2,1197.8449841555714
ma_3,1039.3553716369504
trimestre,222.5984924483942
est_pic_b2b,72.84696268540148
est_rentree_scolaire,0.0
