contamination,n_flagged_iforest,pct_catalogue,score_seuil_anomalie
0.05,13,5.2,-0.0011648938338657544
0.1,25,10.0,-0.00013902649341435147
0.15,38,15.2,-0.0002100117137565638
0.2,50,20.0,-0.000481053834056111
